{"cameraMode":{"drawMode":0,"name":"Shaded","section":"Shading Mode"},"sceneLighting":true,"audioPlay":false,"sceneViewState":{"showFog":true,"showMaterialUpdate":false,"showSkybox":true,"showFlares":true,"showImageEffects":true,"showParticleSystems":true},"in2DMode":false,"pivot":{"x":-1.566889762878418,"y":1.1923880577087403,"z":1.1302142143249512},"rotation":{"x":-0.1514216810464859,"y":0.7765449285507202,"z":-0.20392587780952454,"w":-0.5766017436981201},"size":4.277441501617432,"orthographic":false}